{
  "color": "#3a5ed6",
  "successcolor": "#00FF00",
  "stanbycolor": "#FFFFFF",
	"uptimecolor": "#45fc03", 
  "wrongcolor": "#FF0000",
  "footertext": "KS Up -- Prime | By: Status+#8108 Official Dev",
  "footericon": "https://images-ext-2.discordapp.net/external/fXeelmyWg0fsAyj9eIw27kVbfh--779Y2E1CrS1KQPQ/https/cdn.discordapp.com/avatars/1043902412542464061/e0cea37e2ddcf4e3aa6dea89865f8b18.webp",
  "authoricon": "https://images-ext-2.discordapp.net/external/fXeelmyWg0fsAyj9eIw27kVbfh--779Y2E1CrS1KQPQ/https/cdn.discordapp.com/avatars/1043902412542464061/e0cea37e2ddcf4e3aa6dea89865f8b18.webp",
  "loadingicon": "https://images-ext-2.discordapp.net/external/fXeelmyWg0fsAyj9eIw27kVbfh--779Y2E1CrS1KQPQ/https/cdn.discordapp.com/avatars/1043902412542464061/e0cea37e2ddcf4e3aa6dea89865f8b18.webp"
}